Price,Adj Close,Close,High,Low,Open,Volume
Ticker,AAPL,AAPL,AAPL,AAPL,AAPL,AAPL
Datetime,,,,,,
2024-10-02 09:30:00+00:00,223.6501007080078,223.6501007080078,226.11000061035156,223.6300048828125,225.6999969482422,4018327
2024-10-02 09:45:00+00:00,223.36000061035156,223.36000061035156,224.6199951171875,223.2100067138672,223.64999389648438,2401305
2024-10-02 10:00:00+00:00,224.57000732421875,224.57000732421875,224.69000244140625,223.02999877929688,223.375,1787177
2024-10-02 10:15:00+00:00,225.4199981689453,225.4199981689453,225.4199981689453,224.5,224.55999755859375,1178367
2024-10-02 10:30:00+00:00,225.91400146484375,225.91400146484375,226.1699981689453,225.27000427246094,225.39999389648438,1283345
2024-10-02 10:45:00+00:00,226.0800018310547,226.0800018310547,226.38999938964844,225.6699981689453,225.889892578125,1405165
2024-10-02 11:00:00+00:00,226.2270050048828,226.2270050048828,226.35000610351562,225.91000366210938,226.0850067138672,929115
2024-10-02 11:15:00+00:00,226.2050018310547,226.2050018310547,226.60000610351562,226.0,226.33999633789062,969020
2024-10-02 11:30:00+00:00,227.0399932861328,227.0399932861328,227.0500030517578,226.1649932861328,226.22000122070312,1539071
2024-10-02 11:45:00+00:00,226.83999633789062,226.83999633789062,227.0399932861328,226.55499267578125,227.0399932861328,736793
2024-10-02 12:00:00+00:00,226.82000732421875,226.82000732421875,226.94000244140625,226.64999389648438,226.85000610351562,555028
2024-10-02 12:15:00+00:00,226.95199584960938,226.95199584960938,227.0,226.66000366210938,226.8300018310547,1123820
2024-10-02 12:30:00+00:00,226.80999755859375,226.80999755859375,226.9499969482422,226.6699981689453,226.9499969482422,553892
2024-10-02 12:45:00+00:00,226.63499450683594,226.63499450683594,227.02999877929688,226.6199951171875,226.81500244140625,569707
2024-10-02 13:00:00+00:00,226.94000244140625,226.94000244140625,227.03939819335938,226.58999633789062,226.6300048828125,601024
2024-10-02 13:15:00+00:00,226.95989990234375,226.95989990234375,226.97999572753906,226.66000366210938,226.88999938964844,448405
2024-10-02 13:30:00+00:00,226.69000244140625,226.69000244140625,227.02000427246094,226.35000610351562,226.94000244140625,733249
2024-10-02 13:45:00+00:00,227.11599731445312,227.11599731445312,227.13999938964844,226.6699981689453,226.67999267578125,553934
2024-10-02 14:00:00+00:00,227.07400512695312,227.07400512695312,227.17999267578125,227.0166015625,227.11000061035156,542418
2024-10-02 14:15:00+00:00,226.82000732421875,226.82000732421875,227.139892578125,226.4600067138672,227.0749969482422,588734
2024-10-02 14:30:00+00:00,226.8300018310547,226.8300018310547,226.9199981689453,226.64999389648438,226.8000030517578,419597
2024-10-02 14:45:00+00:00,226.89999389648438,226.89999389648438,226.97000122070312,226.77000427246094,226.8300018310547,476022
2024-10-02 15:00:00+00:00,227.10499572753906,227.10499572753906,227.1300048828125,226.86000061035156,226.89999389648438,561121
2024-10-02 15:15:00+00:00,227.24000549316406,227.24000549316406,227.3300018310547,227.03500366210938,227.10499572753906,648616
2024-10-02 15:30:00+00:00,227.2519989013672,227.2519989013672,227.3300018310547,227.07000732421875,227.22500610351562,763147
2024-10-02 15:45:00+00:00,226.80999755859375,226.80999755859375,227.3699951171875,226.69009399414062,227.25,2030836
2024-10-03 09:30:00+00:00,225.97999572753906,225.97999572753906,226.49000549316406,224.88999938964844,225.24000549316406,2382413
2024-10-03 09:45:00+00:00,226.30499267578125,226.30499267578125,226.6999969482422,225.6300048828125,225.97999572753906,1273449
2024-10-03 10:00:00+00:00,225.67999267578125,225.67999267578125,226.8000030517578,225.21009826660156,226.30999755859375,1314586
2024-10-03 10:15:00+00:00,224.8350067138672,224.8350067138672,225.88499450683594,224.72000122070312,225.7050018310547,1250233
2024-10-03 10:30:00+00:00,224.64999389648438,224.64999389648438,225.52999877929688,224.52999877929688,224.80999755859375,1200654
2024-10-03 10:45:00+00:00,224.33999633789062,224.33999633789062,225.27000427246094,224.26499938964844,224.6479949951172,1272405
2024-10-03 11:00:00+00:00,224.64999389648438,224.64999389648438,224.70399475097656,224.28199768066406,224.32000732421875,898521
2024-10-03 11:15:00+00:00,224.87420654296875,224.87420654296875,225.0050048828125,224.5207061767578,224.64999389648438,778496
2024-10-03 11:30:00+00:00,225.1300048828125,225.1300048828125,225.2261962890625,224.8300018310547,224.88839721679688,797905
2024-10-03 11:45:00+00:00,225.13499450683594,225.13499450683594,225.25,225.00999450683594,225.17999267578125,599964
2024-10-03 12:00:00+00:00,225.25999450683594,225.25999450683594,225.3699951171875,225.00999450683594,225.14720153808594,1448246
2024-10-03 12:15:00+00:00,225.07119750976562,225.07119750976562,225.27000427246094,224.96310424804688,225.26010131835938,433940
2024-10-03 12:30:00+00:00,224.47999572753906,224.47999572753906,225.09629821777344,224.2259979248047,225.08999633789062,766799
2024-10-03 12:45:00+00:00,223.82000732421875,223.82000732421875,224.4499969482422,223.63999938964844,224.44000244140625,1045066
2024-10-03 13:00:00+00:00,223.75,223.75,223.97999572753906,223.3238983154297,223.7899932861328,848860
2024-10-03 13:15:00+00:00,223.8350067138672,223.8350067138672,224.27999877929688,223.60000610351562,223.7176971435547,831475
2024-10-03 13:30:00+00:00,224.1699981689453,224.1699981689453,224.32000732421875,223.7949981689453,223.83999633789062,514288
2024-10-03 13:45:00+00:00,224.3000030517578,224.3000030517578,224.33999633789062,224.0,224.17999267578125,426628
2024-10-03 14:00:00+00:00,224.0500030517578,224.0500030517578,224.40989685058594,224.0,224.3000030517578,462292
2024-10-03 14:15:00+00:00,223.84010314941406,223.84010314941406,224.14999389648438,223.70010375976562,224.07000732421875,508097
2024-10-03 14:30:00+00:00,223.85989379882812,223.85989379882812,224.0399932861328,223.76010131835938,223.8350067138672,436830
2024-10-03 14:45:00+00:00,223.6300048828125,223.6300048828125,223.9600067138672,223.61019897460938,223.8498992919922,535272
2024-10-03 15:00:00+00:00,223.60989379882812,223.60989379882812,223.71499633789062,223.50010681152344,223.61000061035156,670734
2024-10-03 15:15:00+00:00,223.6999969482422,223.6999969482422,223.88999938964844,223.5399932861328,223.60659790039062,737827
2024-10-03 15:30:00+00:00,224.0800018310547,224.0800018310547,224.08999633789062,223.66000366210938,223.7100067138672,1027694
2024-10-03 15:45:00+00:00,225.6699981689453,225.6699981689453,225.83999633789062,223.9949951171875,224.076904296875,4682045
2024-10-04 09:30:00+00:00,225.97000122070312,225.97000122070312,228.0,225.60000610351562,227.88999938964844,3534157
2024-10-04 09:45:00+00:00,225.1898956298828,225.1898956298828,226.2550048828125,225.05999755859375,225.96009826660156,1791437
2024-10-04 10:00:00+00:00,224.88499450683594,224.88499450683594,225.6300048828125,224.60000610351562,225.13999938964844,1586568
2024-10-04 10:15:00+00:00,224.510498046875,224.510498046875,225.3300018310547,224.3800048828125,224.8800048828125,1426311
2024-10-04 10:30:00+00:00,225.27999877929688,225.27999877929688,225.34500122070312,224.13999938964844,224.49000549316406,1372586
2024-10-04 10:45:00+00:00,225.10879516601562,225.10879516601562,225.5399932861328,224.82119750976562,225.27999877929688,1047768
2024-10-04 11:00:00+00:00,224.66000366210938,224.66000366210938,225.3350067138672,224.66000366210938,225.10000610351562,799400
2024-10-04 11:15:00+00:00,224.55999755859375,224.55999755859375,225.00999450683594,224.32000732421875,224.64999389648438,952146
2024-10-04 11:30:00+00:00,224.8699951171875,224.8699951171875,225.0399932861328,224.3249969482422,224.52999877929688,721093
2024-10-04 11:45:00+00:00,225.47000122070312,225.47000122070312,225.52609252929688,224.6199951171875,224.85000610351562,715104
2024-10-04 12:00:00+00:00,224.86000061035156,224.86000061035156,225.57000732421875,224.8000030517578,225.5500030517578,1261296
2024-10-04 12:15:00+00:00,224.9499969482422,224.9499969482422,225.02999877929688,224.69500732421875,224.85000610351562,432185
2024-10-04 12:30:00+00:00,225.38999938964844,225.38999938964844,225.47999572753906,224.8675994873047,224.9571075439453,647606
2024-10-04 12:45:00+00:00,225.13999938964844,225.13999938964844,225.47000122070312,224.94000244140625,225.36500549316406,528021
2024-10-04 13:00:00+00:00,225.26400756835938,225.26400756835938,225.3000030517578,225.02999877929688,225.14999389648438,348500
2024-10-04 13:15:00+00:00,225.10009765625,225.10009765625,225.40989685058594,225.10009765625,225.25149536132812,454738
2024-10-04 13:30:00+00:00,225.3300018310547,225.3300018310547,225.33999633789062,224.5500030517578,225.1199951171875,734461
2024-10-04 13:45:00+00:00,224.8800048828125,224.8800048828125,225.35000610351562,224.8258056640625,225.30999755859375,537012
2024-10-04 14:00:00+00:00,224.80999755859375,224.80999755859375,225.0,224.6999969482422,224.88999938964844,570005
2024-10-04 14:15:00+00:00,225.08999633789062,225.08999633789062,225.19000244140625,224.63999938964844,224.78500366210938,589473
2024-10-04 14:30:00+00:00,225.22999572753906,225.22999572753906,225.2899932861328,225.0399932861328,225.08999633789062,562796
2024-10-04 14:45:00+00:00,225.52999877929688,225.52999877929688,225.5399932861328,225.22000122070312,225.24000549316406,754275
2024-10-04 15:00:00+00:00,225.36099243164062,225.36099243164062,225.58920288085938,225.2899932861328,225.52999877929688,726967
2024-10-04 15:15:00+00:00,226.09010314941406,226.09010314941406,226.19000244140625,225.32000732421875,225.36000061035156,1084905
2024-10-04 15:30:00+00:00,226.36000061035156,226.36000061035156,226.36000061035156,225.92999267578125,226.09500122070312,1133539
2024-10-04 15:45:00+00:00,226.77999877929688,226.77999877929688,226.97999572753906,226.05999755859375,226.30999755859375,3658369
2024-10-07 09:30:00+00:00,224.83999633789062,224.83999633789062,225.10000610351562,224.05499267578125,224.4600067138672,3828239
2024-10-07 09:45:00+00:00,225.08999633789062,225.08999633789062,225.41000366210938,224.72999572753906,224.86500549316406,1274983
2024-10-07 10:00:00+00:00,225.0800018310547,225.0800018310547,225.5399932861328,224.4199981689453,225.02999877929688,1793606
2024-10-07 10:15:00+00:00,225.32000732421875,225.32000732421875,225.52999877929688,224.94000244140625,225.10000610351562,950115
2024-10-07 10:30:00+00:00,225.41000366210938,225.41000366210938,225.69000244140625,225.1699981689453,225.31500244140625,762106
2024-10-07 10:45:00+00:00,225.3000030517578,225.3000030517578,225.52549743652344,225.0399932861328,225.41990661621094,776243
2024-10-07 11:00:00+00:00,224.9199981689453,224.9199981689453,225.30999755859375,224.47999572753906,225.30999755859375,1055589
2024-10-07 11:15:00+00:00,225.0601043701172,225.0601043701172,225.14990234375,224.8000030517578,224.9199981689453,561459
2024-10-07 11:30:00+00:00,224.83990478515625,224.83990478515625,225.27999877929688,224.7550048828125,225.0800018310547,653182
2024-10-07 11:45:00+00:00,224.88999938964844,224.88999938964844,224.97000122070312,224.7100067138672,224.8240966796875,599266
2024-10-07 12:00:00+00:00,224.57000732421875,224.57000732421875,224.92999267578125,224.07000732421875,224.8800048828125,943283
2024-10-07 12:15:00+00:00,224.25999450683594,224.25999450683594,224.80999755859375,224.24000549316406,224.57009887695312,538140
2024-10-07 12:30:00+00:00,224.16000366210938,224.16000366210938,224.39999389648438,224.05999755859375,224.25,535572
2024-10-07 12:45:00+00:00,223.95750427246094,223.95750427246094,224.17799377441406,223.89199829101562,224.16000366210938,729891
2024-10-07 13:00:00+00:00,224.27999877929688,224.27999877929688,224.57000732421875,223.95359802246094,223.9600067138672,614510
2024-10-07 13:15:00+00:00,223.80999755859375,223.80999755859375,224.4134063720703,223.80999755859375,224.32000732421875,591352
2024-10-07 13:30:00+00:00,223.7700958251953,223.7700958251953,224.05999755859375,223.7100067138672,223.7801055908203,524964
2024-10-07 13:45:00+00:00,223.85980224609375,223.85980224609375,223.8699951171875,223.39999389648438,223.77000427246094,785632
2024-10-07 14:00:00+00:00,223.68499755859375,223.68499755859375,223.92999267578125,223.5500030517578,223.8699951171875,504181
2024-10-07 14:15:00+00:00,223.74989318847656,223.74989318847656,223.98500061035156,223.63999938964844,223.67999267578125,562817
2024-10-07 14:30:00+00:00,223.06500244140625,223.06500244140625,223.72999572753906,222.75999450683594,223.72999572753906,1407964
2024-10-07 14:45:00+00:00,222.3300018310547,222.3300018310547,223.14599609375,222.22999572753906,223.0800018310547,1365897
2024-10-07 15:00:00+00:00,222.5800018310547,222.5800018310547,222.7808074951172,222.22999572753906,222.32000732421875,885204
2024-10-07 15:15:00+00:00,222.56500244140625,222.56500244140625,222.78500366210938,222.43479919433594,222.5800018310547,836658
2024-10-07 15:30:00+00:00,222.22999572753906,222.22999572753906,222.6300048828125,222.16000366210938,222.56399536132812,1220458
2024-10-07 15:45:00+00:00,221.72000122070312,221.72000122070312,222.57000732421875,221.3350067138672,222.21499633789062,3475049
2024-10-08 09:30:00+00:00,224.20599365234375,224.20599365234375,224.5399932861328,223.25,224.30999755859375,4368880
2024-10-08 09:45:00+00:00,225.07000732421875,225.07000732421875,225.1699981689453,223.74009704589844,224.2100067138672,1738558
2024-10-08 10:00:00+00:00,224.69000244140625,224.69000244140625,225.8800048828125,224.6199951171875,225.0800018310547,1784632
2024-10-08 10:15:00+00:00,224.89999389648438,224.89999389648438,225.10000610351562,224.5399932861328,224.69000244140625,1077206
2024-10-08 10:30:00+00:00,225.61000061035156,225.61000061035156,225.75999450683594,224.80799865722656,224.89759826660156,1244061
2024-10-08 10:45:00+00:00,225.0399932861328,225.0399932861328,225.9600067138672,224.91000366210938,225.58999633789062,1212612
2024-10-08 11:00:00+00:00,224.88999938964844,224.88999938964844,225.22999572753906,224.6999969482422,225.0449981689453,677317
2024-10-08 11:15:00+00:00,225.3300018310547,225.3300018310547,225.35000610351562,224.66000366210938,224.89239501953125,668548
2024-10-08 11:30:00+00:00,225.40499877929688,225.40499877929688,225.47000122070312,225.07000732421875,225.33929443359375,625574
2024-10-08 11:45:00+00:00,225.34519958496094,225.34519958496094,225.60000610351562,225.21499633789062,225.40499877929688,582194
2024-10-08 12:00:00+00:00,225.0399932861328,225.0399932861328,225.35000610351562,224.82000732421875,225.33999633789062,579419
2024-10-08 12:15:00+00:00,224.82000732421875,224.82000732421875,225.22630310058594,224.74000549316406,225.0449981689453,391314
2024-10-08 12:30:00+00:00,224.71090698242188,224.71090698242188,225.0,224.7100067138672,224.8300018310547,350256
2024-10-08 12:45:00+00:00,224.69729614257812,224.69729614257812,224.82550048828125,224.57000732421875,224.7187957763672,369683
2024-10-08 13:00:00+00:00,224.6999969482422,224.6999969482422,224.75,224.22239685058594,224.69200134277344,757585
2024-10-08 13:15:00+00:00,224.74000549316406,224.74000549316406,224.8000030517578,224.42160034179688,224.69000244140625,494377
2024-10-08 13:30:00+00:00,224.75010681152344,224.75010681152344,224.97999572753906,224.70899963378906,224.74000549316406,402474
2024-10-08 13:45:00+00:00,224.9611053466797,224.9611053466797,224.99000549316406,224.66000366210938,224.77000427246094,347988
2024-10-08 14:00:00+00:00,224.97500610351562,224.97500610351562,225.11199951171875,224.8699951171875,224.97000122070312,463295
2024-10-08 14:15:00+00:00,224.92970275878906,224.92970275878906,225.11500549316406,224.92030334472656,224.97500610351562,347080
2024-10-08 14:30:00+00:00,224.97140502929688,224.97140502929688,225.3000030517578,224.77999877929688,224.9199981689453,586987
2024-10-08 14:45:00+00:00,225.33999633789062,225.33999633789062,225.42999267578125,224.94000244140625,224.97500610351562,516513
2024-10-08 15:00:00+00:00,225.3000030517578,225.3000030517578,225.58999633789062,225.14999389648438,225.32000732421875,642026
2024-10-08 15:15:00+00:00,225.27000427246094,225.27000427246094,225.4199981689453,225.10000610351562,225.3000030517578,847023
2024-10-08 15:30:00+00:00,225.4001007080078,225.4001007080078,225.5800018310547,225.23500061035156,225.27000427246094,1181735
2024-10-08 15:45:00+00:00,225.77999877929688,225.77999877929688,225.97500610351562,225.38499450683594,225.39999389648438,2612917
2024-10-09 09:30:00+00:00,225.74710083007812,225.74710083007812,226.38999938964844,224.8300018310547,225.5,2639869
2024-10-09 09:45:00+00:00,226.14999389648438,226.14999389648438,226.48500061035156,225.6999969482422,225.72999572753906,1108614
2024-10-09 10:00:00+00:00,226.05999755859375,226.05999755859375,226.5800018310547,225.8300018310547,226.14999389648438,1245531
2024-10-09 10:15:00+00:00,227.10000610351562,227.10000610351562,227.1699981689453,225.8300018310547,226.06199645996094,1796629
2024-10-09 10:30:00+00:00,227.56219482421875,227.56219482421875,227.67999267578125,226.97000122070312,227.10000610351562,1261158
2024-10-09 10:45:00+00:00,227.64999389648438,227.64999389648438,227.8000030517578,227.20010375976562,227.5800018310547,1145968
2024-10-09 11:00:00+00:00,228.1699981689453,228.1699981689453,228.22430419921875,227.63999938964844,227.66000366210938,1351385
2024-10-09 11:15:00+00:00,228.19000244140625,228.19000244140625,228.2899932861328,227.82000732421875,228.1699981689453,842521
2024-10-09 11:30:00+00:00,228.45989990234375,228.45989990234375,228.55990600585938,228.10000610351562,228.2100067138672,1048921
2024-10-09 11:45:00+00:00,228.42449951171875,228.42449951171875,228.6300048828125,228.3249969482422,228.45620727539062,747079
2024-10-09 12:00:00+00:00,228.32000732421875,228.32000732421875,228.5050048828125,228.08200073242188,228.4199981689453,648507
2024-10-09 12:15:00+00:00,228.7100067138672,228.7100067138672,228.7100067138672,228.19000244140625,228.32000732421875,620026
2024-10-09 12:30:00+00:00,228.85000610351562,228.85000610351562,229.03990173339844,228.66000366210938,228.72000122070312,884702
2024-10-09 12:45:00+00:00,228.64999389648438,228.64999389648438,228.98989868164062,228.52000427246094,228.85000610351562,577491
2024-10-09 13:00:00+00:00,228.78590393066406,228.78590393066406,228.82000732421875,228.57000732421875,228.63999938964844,434145
2024-10-09 13:15:00+00:00,228.86000061035156,228.86000061035156,228.99000549316406,228.75,228.7899932861328,421096
2024-10-09 13:30:00+00:00,228.67010498046875,228.67010498046875,229.0,228.63999938964844,228.83999633789062,511702
2024-10-09 13:45:00+00:00,228.50320434570312,228.50320434570312,228.7299041748047,228.02999877929688,228.6699981689453,637897
2024-10-09 14:00:00+00:00,228.7299041748047,228.7299041748047,228.77999877929688,228.41000366210938,228.50999450683594,438863
2024-10-09 14:15:00+00:00,229.6300048828125,229.6300048828125,229.6699981689453,228.64500427246094,228.71499633789062,1116590
2024-10-09 14:30:00+00:00,229.50999450683594,229.50999450683594,229.62989807128906,229.1699981689453,229.6199951171875,843761
2024-10-09 14:45:00+00:00,229.3000030517578,229.3000030517578,229.58999633789062,229.00999450683594,229.52000427246094,842254
2024-10-09 15:00:00+00:00,228.92449951171875,228.92449951171875,229.30999755859375,228.8000030517578,229.30999755859375,892398
2024-10-09 15:15:00+00:00,229.07420349121094,229.07420349121094,229.32000732421875,228.9199981689453,228.92010498046875,782755
2024-10-09 15:30:00+00:00,229.46499633789062,229.46499633789062,229.6699981689453,229.05999755859375,229.07000732421875,903096
2024-10-09 15:45:00+00:00,229.50999450683594,229.50999450683594,229.75,229.4499969482422,229.4600067138672,2335559
2024-10-10 09:30:00+00:00,227.75,227.75,228.38999938964844,227.47999572753906,227.77999877929688,2825588
2024-10-10 09:45:00+00:00,228.44000244140625,228.44000244140625,228.82980346679688,227.1699981689453,227.7445068359375,1841340
2024-10-10 10:00:00+00:00,227.94000244140625,227.94000244140625,228.57000732421875,227.82000732421875,228.44000244140625,914791
2024-10-10 10:15:00+00:00,228.2554931640625,228.2554931640625,228.2698974609375,227.66070556640625,227.93600463867188,809606
2024-10-10 10:30:00+00:00,228.14999389648438,228.14999389648438,228.33990478515625,227.6300048828125,228.2364044189453,775369
2024-10-10 10:45:00+00:00,227.8300018310547,227.8300018310547,228.2993927001953,227.6699981689453,228.1649932861328,930469
2024-10-10 11:00:00+00:00,228.13999938964844,228.13999938964844,228.16000366210938,227.69000244140625,227.85000610351562,878746
2024-10-10 11:15:00+00:00,228.2899932861328,228.2899932861328,228.39599609375,228.0399932861328,228.17799377441406,566009
2024-10-10 11:30:00+00:00,228.36000061035156,228.36000061035156,228.44000244140625,228.13999938964844,228.2899932861328,503341
2024-10-10 11:45:00+00:00,228.65499877929688,228.65499877929688,228.66000366210938,228.17010498046875,228.36000061035156,499156
2024-10-10 12:00:00+00:00,228.84010314941406,228.84010314941406,228.99000549316406,228.63600158691406,228.66000366210938,590380
2024-10-10 12:15:00+00:00,228.7100067138672,228.7100067138672,229.22999572753906,228.6199951171875,228.84500122070312,641420
2024-10-10 12:30:00+00:00,228.35000610351562,228.35000610351562,228.73910522460938,228.25,228.72500610351562,606453
2024-10-10 12:45:00+00:00,228.44000244140625,228.44000244140625,228.52000427246094,228.12030029296875,228.33999633789062,403923
2024-10-10 13:00:00+00:00,228.33999633789062,228.33999633789062,228.67999267578125,228.19000244140625,228.44000244140625,468731
2024-10-10 13:15:00+00:00,228.5,228.5,228.64999389648438,228.28500366210938,228.34500122070312,378809
2024-10-10 13:30:00+00:00,228.8000030517578,228.8000030517578,228.8000030517578,228.47000122070312,228.49000549316406,411887
2024-10-10 13:45:00+00:00,228.6199951171875,228.6199951171875,228.8000030517578,228.0399932861328,228.79400634765625,677016
2024-10-10 14:00:00+00:00,228.47000122070312,228.47000122070312,228.64990234375,228.35000610351562,228.64990234375,337534
2024-10-10 14:15:00+00:00,228.32000732421875,228.32000732421875,228.5500030517578,228.27000427246094,228.47000122070312,360468
2024-10-10 14:30:00+00:00,228.3300018310547,228.3300018310547,228.44000244140625,228.07000732421875,228.32000732421875,437917
2024-10-10 14:45:00+00:00,228.48500061035156,228.48500061035156,228.49000549316406,228.27000427246094,228.3350067138672,397211
2024-10-10 15:00:00+00:00,228.38499450683594,228.38499450683594,228.5699005126953,228.25999450683594,228.47999572753906,402713
2024-10-10 15:15:00+00:00,228.85499572753906,228.85499572753906,228.94500732421875,228.3000030517578,228.38499450683594,686448
2024-10-10 15:30:00+00:00,229.07000732421875,229.07000732421875,229.10000610351562,228.80499267578125,228.85499572753906,722673
2024-10-10 15:45:00+00:00,229.02999877929688,229.02999877929688,229.5,228.9105987548828,229.07000732421875,2367227
2024-10-11 09:30:00+00:00,227.47000122070312,227.47000122070312,228.73989868164062,227.4600067138672,228.2949981689453,2771982
2024-10-11 09:45:00+00:00,227.97000122070312,227.97000122070312,228.1199951171875,227.33999633789062,227.47000122070312,1273004
2024-10-11 10:00:00+00:00,228.5623016357422,228.5623016357422,228.6199951171875,227.6199951171875,227.96499633789062,1316160
2024-10-11 10:15:00+00:00,228.75999450683594,228.75999450683594,228.89999389648438,228.2104949951172,228.60000610351562,909391
2024-10-11 10:30:00+00:00,228.7700958251953,228.7700958251953,229.19000244140625,228.58999633789062,228.74000549316406,788882
2024-10-11 10:45:00+00:00,228.08599853515625,228.08599853515625,228.82940673828125,227.8699951171875,228.77999877929688,1162908
2024-10-11 11:00:00+00:00,228.2209014892578,228.2209014892578,228.39999389648438,228.00999450683594,228.0800018310547,727785
2024-10-11 11:15:00+00:00,227.97500610351562,227.97500610351562,228.22000122070312,227.7899932861328,228.22000122070312,712746
2024-10-11 11:30:00+00:00,227.9250030517578,227.9250030517578,228.11000061035156,227.68499755859375,227.9700927734375,694654
2024-10-11 11:45:00+00:00,228.0699005126953,228.0699005126953,228.10000610351562,227.75,227.9250030517578,722989
2024-10-11 12:00:00+00:00,227.875,227.875,228.08999633789062,227.8000030517578,228.06500244140625,1158939
2024-10-11 12:15:00+00:00,227.83009338378906,227.83009338378906,227.92999267578125,227.66000366210938,227.875,470953
2024-10-11 12:30:00+00:00,227.64549255371094,227.64549255371094,227.98500061035156,227.60499572753906,227.8300018310547,462378
2024-10-11 12:45:00+00:00,227.8699951171875,227.8699951171875,227.89999389648438,227.41000366210938,227.6490020751953,694664
2024-10-11 13:00:00+00:00,227.57650756835938,227.57650756835938,227.9499969482422,227.4949951171875,227.8699951171875,526901
2024-10-11 13:15:00+00:00,227.83999633789062,227.83999633789062,227.8583984375,227.50999450683594,227.5749969482422,407248
2024-10-11 13:30:00+00:00,227.72000122070312,227.72000122070312,227.88999938964844,227.5800018310547,227.8249969482422,400339
2024-10-11 13:45:00+00:00,227.83419799804688,227.83419799804688,228.0749969482422,227.7100067138672,227.7100067138672,632143
2024-10-11 14:00:00+00:00,228.35000610351562,228.35000610351562,228.3520050048828,227.82000732421875,227.8300018310547,692569
2024-10-11 14:15:00+00:00,228.19500732421875,228.19500732421875,228.4499969482422,228.19000244140625,228.35000610351562,629604
2024-10-11 14:30:00+00:00,228.33999633789062,228.33999633789062,228.39999389648438,228.05999755859375,228.19500732421875,559679
2024-10-11 14:45:00+00:00,228.5850067138672,228.5850067138672,228.6300048828125,228.33999633789062,228.33999633789062,615262
2024-10-11 15:00:00+00:00,228.80999755859375,228.80999755859375,228.97000122070312,228.5,228.57000732421875,852101
2024-10-11 15:15:00+00:00,228.69000244140625,228.69000244140625,228.8699951171875,228.4001007080078,228.7899932861328,801848
2024-10-11 15:30:00+00:00,228.49000549316406,228.49000549316406,228.75999450683594,228.42999267578125,228.68870544433594,851886
2024-10-11 15:45:00+00:00,227.52000427246094,227.52000427246094,228.69000244140625,227.5,228.49000549316406,3103920
2024-10-14 09:30:00+00:00,231.05999755859375,231.05999755859375,231.30999755859375,228.60000610351562,228.6999969482422,4712726
2024-10-14 09:45:00+00:00,230.5500030517578,230.5500030517578,231.25,230.4600067138672,231.07000732421875,1320948
2024-10-14 10:00:00+00:00,230.25999450683594,230.25999450683594,230.79710388183594,230.08999633789062,230.57000732421875,1347510
2024-10-14 10:15:00+00:00,230.68499755859375,230.68499755859375,230.75999450683594,229.92999267578125,230.26499938964844,1161228
2024-10-14 10:30:00+00:00,230.64999389648438,230.64999389648438,230.8000030517578,230.33999633789062,230.68499755859375,719202
2024-10-14 10:45:00+00:00,229.47999572753906,229.47999572753906,230.8800048828125,229.30999755859375,230.63999938964844,1233147
2024-10-14 11:00:00+00:00,229.84140014648438,229.84140014648438,229.8800048828125,229.14999389648438,229.47000122070312,1032892
2024-10-14 11:15:00+00:00,229.69000244140625,229.69000244140625,230.02999877929688,229.4600067138672,229.83999633789062,675822
2024-10-14 11:30:00+00:00,229.76010131835938,229.76010131835938,229.9499969482422,229.42999267578125,229.67999267578125,454549
2024-10-14 11:45:00+00:00,230.3459930419922,230.3459930419922,230.35000610351562,229.74000549316406,229.7628936767578,726823
2024-10-14 12:00:00+00:00,230.14500427246094,230.14500427246094,230.38999938964844,230.05999755859375,230.33999633789062,502894
2024-10-14 12:15:00+00:00,230.24949645996094,230.24949645996094,230.52920532226562,229.97000122070312,230.13999938964844,803905
2024-10-14 12:30:00+00:00,230.57000732421875,230.57000732421875,230.57989501953125,230.25999450683594,230.25999450683594,380824
2024-10-14 12:45:00+00:00,230.3300018310547,230.3300018310547,230.6063995361328,230.1999969482422,230.56500244140625,487294
2024-10-14 13:00:00+00:00,230.5050048828125,230.5050048828125,230.5399932861328,230.2899932861328,230.35499572753906,421861
2024-10-14 13:15:00+00:00,230.42999267578125,230.42999267578125,230.55990600585938,230.3000030517578,230.52000427246094,311108
2024-10-14 13:30:00+00:00,230.36000061035156,230.36000061035156,230.42599487304688,230.1649932861328,230.41000366210938,531861
2024-10-14 13:45:00+00:00,230.19000244140625,230.19000244140625,230.49000549316406,230.16000366210938,230.3800048828125,382571
2024-10-14 14:00:00+00:00,230.3350067138672,230.3350067138672,230.44970703125,230.05999755859375,230.19000244140625,861209
2024-10-14 14:15:00+00:00,230.4600067138672,230.4600067138672,230.55029296875,230.25770568847656,230.33619689941406,464398
2024-10-14 14:30:00+00:00,230.9600067138672,230.9600067138672,231.1300048828125,230.4499969482422,230.48350524902344,1065864
2024-10-14 14:45:00+00:00,231.14999389648438,231.14999389648438,231.19500732421875,230.92999267578125,230.96499633789062,723147
2024-10-14 15:00:00+00:00,231.36500549316406,231.36500549316406,231.44679260253906,231.05999755859375,231.16000366210938,946969
2024-10-14 15:15:00+00:00,231.22259521484375,231.22259521484375,231.38999938964844,231.0500030517578,231.36000061035156,838517
2024-10-14 15:30:00+00:00,231.59500122070312,231.59500122070312,231.69500732421875,231.11000061035156,231.22000122070312,1089286
2024-10-14 15:45:00+00:00,231.3000030517578,231.3000030517578,231.72779846191406,231.0399932861328,231.5800018310547,3451950
2024-10-15 09:30:00+00:00,236.1999969482422,236.1999969482422,236.25,232.3699951171875,233.58999633789062,9115841
2024-10-15 09:45:00+00:00,236.63499450683594,236.63499450683594,237.1300048828125,235.9600067138672,236.19000244140625,5074257
2024-10-15 10:00:00+00:00,236.17979431152344,236.17979431152344,237.49000549316406,236.0800018310547,236.63499450683594,4148540
2024-10-15 10:15:00+00:00,235.82000732421875,235.82000732421875,236.52000427246094,235.75999450683594,236.1999969482422,2774951
2024-10-15 10:30:00+00:00,235.610107421875,235.610107421875,236.11419677734375,235.42999267578125,235.82000732421875,2752238
2024-10-15 10:45:00+00:00,235.36500549316406,235.36500549316406,236.1300048828125,235.13999938964844,235.60000610351562,1904819
2024-10-15 11:00:00+00:00,235.33509826660156,235.33509826660156,235.80999755859375,234.67010498046875,235.3699951171875,2209997
2024-10-15 11:15:00+00:00,235.431396484375,235.431396484375,235.6699981689453,235.24000549316406,235.3300018310547,1218237
2024-10-15 11:30:00+00:00,236.05999755859375,236.05999755859375,236.22999572753906,235.33799743652344,235.42999267578125,1527104
2024-10-15 11:45:00+00:00,235.3800048828125,235.3800048828125,236.2899932861328,235.3300018310547,236.07000732421875,1185613
2024-10-15 12:00:00+00:00,235.5050048828125,235.5050048828125,235.82000732421875,235.3699951171875,235.3800048828125,1367680
2024-10-15 12:15:00+00:00,234.75999450683594,234.75999450683594,235.50999450683594,234.5500030517578,235.5,1356021
2024-10-15 12:30:00+00:00,234.75999450683594,234.75999450683594,235.1999969482422,234.7100067138672,234.75,828943
2024-10-15 12:45:00+00:00,234.47999572753906,234.47999572753906,234.91000366210938,234.30999755859375,234.78399658203125,812669
2024-10-15 13:00:00+00:00,234.38999938964844,234.38999938964844,234.66000366210938,234.07000732421875,234.4698944091797,896764
2024-10-15 13:15:00+00:00,234.02000427246094,234.02000427246094,234.5,233.85000610351562,234.3800048828125,703729
2024-10-15 13:30:00+00:00,234.3249969482422,234.3249969482422,234.3699951171875,233.8699951171875,233.96400451660156,1248323
2024-10-15 13:45:00+00:00,233.75999450683594,233.75999450683594,234.47000122070312,233.72999572753906,234.3249969482422,851284
2024-10-15 14:00:00+00:00,233.63499450683594,233.63499450683594,234.02999877929688,233.6300048828125,233.77000427246094,707089
2024-10-15 14:15:00+00:00,233.94000244140625,233.94000244140625,234.1699981689453,233.5,233.6300048828125,747970
2024-10-15 14:30:00+00:00,234.05999755859375,234.05999755859375,234.0800018310547,233.8000030517578,233.94000244140625,575708
2024-10-15 14:45:00+00:00,233.77999877929688,233.77999877929688,234.0800018310547,233.74000549316406,234.0399932861328,560723
2024-10-15 15:00:00+00:00,233.42999267578125,233.42999267578125,233.89999389648438,233.0449981689453,233.8011016845703,1252677
2024-10-15 15:15:00+00:00,233.24000549316406,233.24000549316406,233.5500030517578,233.07000732421875,233.42999267578125,988588
2024-10-15 15:30:00+00:00,233.5449981689453,233.5449981689453,233.75999450683594,232.80999755859375,233.25,1497946
2024-10-15 15:45:00+00:00,233.8000030517578,233.8000030517578,234.0699005126953,233.46200561523438,233.5500030517578,4222072
2024-10-16 09:30:00+00:00,230.68499755859375,230.68499755859375,232.1199951171875,230.3800048828125,231.6199951171875,5473730
2024-10-16 09:45:00+00:00,230.07859802246094,230.07859802246094,230.99000549316406,230.02999877929688,230.67999267578125,2004151
2024-10-16 10:00:00+00:00,230.49000549316406,230.49000549316406,230.89199829101562,229.85000610351562,230.0850067138672,2013764
2024-10-16 10:15:00+00:00,230.72970581054688,230.72970581054688,230.99000549316406,230.19000244140625,230.51499938964844,1135230
2024-10-16 10:30:00+00:00,230.2949981689453,230.2949981689453,230.77000427246094,230.0800018310547,230.7100067138672,1060429
2024-10-16 10:45:00+00:00,230.39950561523438,230.39950561523438,230.72000122070312,230.0500030517578,230.2913055419922,1008420
2024-10-16 11:00:00+00:00,230.99000549316406,230.99000549316406,231.00929260253906,230.34010314941406,230.39999389648438,886750
2024-10-16 11:15:00+00:00,230.5850067138672,230.5850067138672,231.13999938964844,230.38999938964844,231.00979614257812,891398
2024-10-16 11:30:00+00:00,230.63499450683594,230.63499450683594,230.95989990234375,230.38340759277344,230.5800018310547,804033
2024-10-16 11:45:00+00:00,230.1988067626953,230.1988067626953,230.63499450683594,230.11019897460938,230.63499450683594,793111
2024-10-16 12:00:00+00:00,230.16990661621094,230.16990661621094,230.41000366210938,230.07000732421875,230.19009399414062,812988
2024-10-16 12:15:00+00:00,230.33999633789062,230.33999633789062,230.39999389648438,230.06100463867188,230.16000366210938,1010700
2024-10-16 12:30:00+00:00,230.5749969482422,230.5749969482422,230.6699981689453,230.32000732421875,230.34500122070312,595483
2024-10-16 12:45:00+00:00,231.03500366210938,231.03500366210938,231.07000732421875,230.5800018310547,230.5800018310547,549699
2024-10-16 13:00:00+00:00,231.05999755859375,231.05999755859375,231.2899932861328,230.91000366210938,231.052001953125,605195
2024-10-16 13:15:00+00:00,230.90989685058594,230.90989685058594,231.16299438476562,230.72300720214844,231.07000732421875,509581
2024-10-16 13:30:00+00:00,230.8300018310547,230.8300018310547,230.99000549316406,230.5800018310547,230.90989685058594,495901
2024-10-16 13:45:00+00:00,230.80499267578125,230.80499267578125,230.94000244140625,230.6199951171875,230.8350067138672,547576
2024-10-16 14:00:00+00:00,230.79010009765625,230.79010009765625,230.96499633789062,230.72999572753906,230.82420349121094,474215
2024-10-16 14:15:00+00:00,231.11000061035156,231.11000061035156,231.36000061035156,230.74000549316406,230.7899932861328,733486
2024-10-16 14:30:00+00:00,231.24000549316406,231.24000549316406,231.2899932861328,230.97999572753906,231.10000610351562,568154
2024-10-16 14:45:00+00:00,231.26759338378906,231.26759338378906,231.4398956298828,231.10000610351562,231.25,486586
2024-10-16 15:00:00+00:00,231.43499755859375,231.43499755859375,231.53500366210938,231.1999969482422,231.27000427246094,618455
2024-10-16 15:15:00+00:00,231.61500549316406,231.61500549316406,231.6199951171875,231.30459594726562,231.43499755859375,681062
2024-10-16 15:30:00+00:00,231.5,231.5,231.92999267578125,231.47000122070312,231.6199951171875,1183843
2024-10-16 15:45:00+00:00,231.75,231.75,231.85000610351562,231.22000122070312,231.5019989013672,1837555
2024-10-17 09:30:00+00:00,231.23500061035156,231.23500061035156,233.85000610351562,230.52999877929688,233.44000244140625,4486541
2024-10-17 09:45:00+00:00,231.72000122070312,231.72000122070312,232.02000427246094,231.25,231.27999877929688,1130424
2024-10-17 10:00:00+00:00,232.02999877929688,232.02999877929688,232.0800018310547,231.2899932861328,231.75999450683594,1067226
2024-10-17 10:15:00+00:00,232.4001007080078,232.4001007080078,232.57000732421875,231.86000061035156,232.02000427246094,1074853
2024-10-17 10:30:00+00:00,231.6300048828125,231.6300048828125,232.48989868164062,231.4709930419922,232.42999267578125,933171
2024-10-17 10:45:00+00:00,231.35989379882812,231.35989379882812,231.67990112304688,231.1999969482422,231.6199951171875,747952
2024-10-17 11:00:00+00:00,231.97500610351562,231.97500610351562,232.02999877929688,231.22999572753906,231.36500549316406,583659
2024-10-17 11:15:00+00:00,232.25999450683594,232.25999450683594,232.3209991455078,231.95779418945312,231.97999572753906,611935
2024-10-17 11:30:00+00:00,232.09109497070312,232.09109497070312,232.47000122070312,232.0500030517578,232.25999450683594,737252
2024-10-17 11:45:00+00:00,232.54620361328125,232.54620361328125,232.5500030517578,232.0500030517578,232.11500549316406,517398
2024-10-17 12:00:00+00:00,232.21499633789062,232.21499633789062,232.8040008544922,232.0850067138672,232.5399932861328,636858
2024-10-17 12:15:00+00:00,232.25,232.25,232.36000061035156,232.14500427246094,232.22999572753906,372454
2024-10-17 12:30:00+00:00,232.33999633789062,232.33999633789062,232.375,232.02999877929688,232.24000549316406,385089
2024-10-17 12:45:00+00:00,232.1761016845703,232.1761016845703,232.37989807128906,232.06500244140625,232.3350067138672,330883
2024-10-17 13:00:00+00:00,232.48550415039062,232.48550415039062,232.5,232.07000732421875,232.19000244140625,1078654
2024-10-17 13:15:00+00:00,232.3874053955078,232.3874053955078,232.52999877929688,232.3300018310547,232.48500061035156,365186
2024-10-17 13:30:00+00:00,232.5301055908203,232.5301055908203,232.5800018310547,232.3699951171875,232.39999389648438,417114
2024-10-17 13:45:00+00:00,232.42999267578125,232.42999267578125,232.57000732421875,232.3000030517578,232.5500030517578,486773
2024-10-17 14:00:00+00:00,231.84500122070312,231.84500122070312,232.57000732421875,231.57000732421875,232.42999267578125,731077
2024-10-17 14:15:00+00:00,231.5865020751953,231.5865020751953,231.85000610351562,231.27499389648438,231.8300018310547,1087285
2024-10-17 14:30:00+00:00,231.59849548339844,231.59849548339844,231.72500610351562,231.3699951171875,231.5800018310547,911091
2024-10-17 14:45:00+00:00,232.10000610351562,232.10000610351562,232.11000061035156,231.52999877929688,231.60000610351562,562225
2024-10-17 15:00:00+00:00,231.94000244140625,231.94000244140625,232.11000061035156,231.6999969482422,232.10000610351562,572640
2024-10-17 15:15:00+00:00,231.7550048828125,231.7550048828125,232.0800018310547,231.75,231.94000244140625,520524
2024-10-17 15:30:00+00:00,232.13999938964844,232.13999938964844,232.1999969482422,231.66000366210938,231.7550048828125,1228427
2024-10-17 15:45:00+00:00,232.25999450683594,232.25999450683594,232.3300018310547,231.63999938964844,232.1468963623047,2257252
2024-10-18 09:30:00+00:00,234.9759063720703,234.9759063720703,236.0500030517578,234.02000427246094,235.8800048828125,11456516
2024-10-18 09:45:00+00:00,235.42999267578125,235.42999267578125,235.72000122070312,234.4600067138672,234.97500610351562,2260301
2024-10-18 10:00:00+00:00,235.09500122070312,235.09500122070312,235.87989807128906,235.0800018310547,235.42999267578125,1979629
2024-10-18 10:15:00+00:00,234.77000427246094,234.77000427246094,235.20989990234375,234.63999938964844,235.1199951171875,1542114
2024-10-18 10:30:00+00:00,234.64999389648438,234.64999389648438,234.9199981689453,234.35000610351562,234.75999450683594,1391936
2024-10-18 10:45:00+00:00,234.69000244140625,234.69000244140625,234.8000030517578,234.27499389648438,234.6199951171875,1530831
2024-10-18 11:00:00+00:00,235.0198974609375,235.0198974609375,235.14999389648438,234.63999938964844,234.6999969482422,1017451
2024-10-18 11:15:00+00:00,235.0399932861328,235.0399932861328,235.1199951171875,234.89999389648438,235.00999450683594,639578
2024-10-18 11:30:00+00:00,234.9949951171875,234.9949951171875,235.25,234.75,235.0399932861328,2256655
2024-10-18 11:45:00+00:00,235.02749633789062,235.02749633789062,235.33999633789062,234.91000366210938,235.0,630849
2024-10-18 12:00:00+00:00,234.9600067138672,234.9600067138672,235.14999389648438,234.92999267578125,235.02000427246094,421958
2024-10-18 12:15:00+00:00,234.99000549316406,234.99000549316406,235.03500366210938,234.860107421875,234.95989990234375,1043844
2024-10-18 12:30:00+00:00,235.19000244140625,235.19000244140625,235.24000549316406,234.94000244140625,234.99000549316406,568247
2024-10-18 12:45:00+00:00,235.46400451660156,235.46400451660156,235.64500427246094,235.08999633789062,235.19020080566406,909868
2024-10-18 13:00:00+00:00,235.593994140625,235.593994140625,235.85000610351562,235.3800048828125,235.46499633789062,810915
2024-10-18 13:15:00+00:00,235.24000549316406,235.24000549316406,235.63999938964844,235.17999267578125,235.58999633789062,684468
2024-10-18 13:30:00+00:00,235.3699951171875,235.3699951171875,235.5,235.04159545898438,235.24000549316406,634215
2024-10-18 13:45:00+00:00,235.6479949951172,235.6479949951172,235.72000122070312,235.32009887695312,235.36500549316406,573563
2024-10-18 14:00:00+00:00,235.63499450683594,235.63499450683594,235.75,235.30999755859375,235.63999938964844,614180
2024-10-18 14:15:00+00:00,235.52999877929688,235.52999877929688,235.7100067138672,235.4949951171875,235.63499450683594,495932
2024-10-18 14:30:00+00:00,235.5399932861328,235.5399932861328,235.63999938964844,235.42999267578125,235.52499389648438,605095
2024-10-18 14:45:00+00:00,235.55999755859375,235.55999755859375,235.61000061035156,235.41000366210938,235.5449981689453,492898
2024-10-18 15:00:00+00:00,235.4149932861328,235.4149932861328,235.55499267578125,235.02999877929688,235.55499267578125,966127
2024-10-18 15:15:00+00:00,235.3000030517578,235.3000030517578,235.43499755859375,235.17669677734375,235.41000366210938,587388
2024-10-18 15:30:00+00:00,235.0200958251953,235.0200958251953,235.3000030517578,234.87010192871094,235.2899932861328,915939
2024-10-18 15:45:00+00:00,234.97999572753906,234.97999572753906,235.19000244140625,234.8000030517578,235.02000427246094,2317672
2024-10-21 09:30:00+00:00,235.3300018310547,235.3300018310547,235.5,234.4499969482422,234.4499969482422,3726735
2024-10-21 09:45:00+00:00,235.17030334472656,235.17030334472656,235.48500061035156,234.82000732421875,235.3300018310547,1355677
2024-10-21 10:00:00+00:00,235.8699951171875,235.8699951171875,235.8699951171875,234.9550018310547,235.1750030517578,1314819
2024-10-21 10:15:00+00:00,235.6699981689453,235.6699981689453,235.99000549316406,235.4499969482422,235.8699951171875,963282
2024-10-21 10:30:00+00:00,235.66580200195312,235.66580200195312,236.08999633789062,235.1699981689453,235.6699981689453,985180
2024-10-21 10:45:00+00:00,235.8800048828125,235.8800048828125,236.0399932861328,235.1199951171875,235.6699981689453,994170
2024-10-21 11:00:00+00:00,235.52000427246094,235.52000427246094,236.10000610351562,235.1699981689453,235.8800048828125,1904345
2024-10-21 11:15:00+00:00,235.4199981689453,235.4199981689453,235.61529541015625,235.2801055908203,235.49000549316406,1625832
2024-10-21 11:30:00+00:00,235.63999938964844,235.63999938964844,235.79969787597656,235.28500366210938,235.39999389648438,605327
2024-10-21 11:45:00+00:00,236.24000549316406,236.24000549316406,236.4591064453125,235.60000610351562,235.63380432128906,1925105
2024-10-21 12:00:00+00:00,236.1649932861328,236.1649932861328,236.5800018310547,235.94009399414062,236.22999572753906,762523
2024-10-21 12:15:00+00:00,236.27999877929688,236.27999877929688,236.60499572753906,236.16650390625,236.16650390625,622763
2024-10-21 12:30:00+00:00,236.2382049560547,236.2382049560547,236.40499877929688,236.11399841308594,236.3000030517578,1013490
2024-10-21 12:45:00+00:00,236.50999450683594,236.50999450683594,236.57000732421875,236.13499450683594,236.23500061035156,466242
2024-10-21 13:00:00+00:00,236.51499938964844,236.51499938964844,236.61500549316406,236.36000061035156,236.50999450683594,469631
2024-10-21 13:15:00+00:00,236.37010192871094,236.37010192871094,236.5500030517578,236.25999450683594,236.51499938964844,582195
2024-10-21 13:30:00+00:00,236.2633056640625,236.2633056640625,236.50999450683594,236.1999969482422,236.3800048828125,558670
2024-10-21 13:45:00+00:00,236.6699981689453,236.6699981689453,236.85000610351562,236.25999450683594,236.25999450683594,588062
2024-10-21 14:00:00+00:00,236.58999633789062,236.58999633789062,236.80999755859375,236.40499877929688,236.69000244140625,581470
2024-10-21 14:15:00+00:00,236.22500610351562,236.22500610351562,236.6479949951172,236.1999969482422,236.57000732421875,470284
2024-10-21 14:30:00+00:00,236.039794921875,236.039794921875,236.27000427246094,236.0301055908203,236.22999572753906,485379
2024-10-21 14:45:00+00:00,235.98500061035156,235.98500061035156,236.1300048828125,235.92999267578125,236.02999877929688,524184
2024-10-21 15:00:00+00:00,236.11599731445312,236.11599731445312,236.22000122070312,235.88999938964844,235.99000549316406,593351
2024-10-21 15:15:00+00:00,236.13499450683594,236.13499450683594,236.1999969482422,236.02999877929688,236.11500549316406,593584
2024-10-21 15:30:00+00:00,236.0325927734375,236.0325927734375,236.13499450683594,235.82749938964844,236.13499450683594,1016954
2024-10-21 15:45:00+00:00,236.5800018310547,236.5800018310547,236.5800018310547,235.8800048828125,236.02999877929688,2258606
2024-10-22 09:30:00+00:00,233.585205078125,233.585205078125,233.83999633789062,232.61000061035156,233.8300018310547,5597968
2024-10-22 09:45:00+00:00,233.16000366210938,233.16000366210938,233.77999877929688,232.91000366210938,233.58070373535156,1791439
2024-10-22 10:00:00+00:00,234.13999938964844,234.13999938964844,234.14199829101562,233.0,233.1645965576172,1680799
2024-10-22 10:15:00+00:00,233.91000366210938,233.91000366210938,234.1529998779297,233.57000732421875,234.13999938964844,1237601
2024-10-22 10:30:00+00:00,233.6300048828125,233.6300048828125,234.11000061035156,233.50469970703125,233.90499877929688,932053
2024-10-22 10:45:00+00:00,234.22500610351562,234.22500610351562,234.2899932861328,233.47000122070312,233.64010620117188,897400
2024-10-22 11:00:00+00:00,234.02999877929688,234.02999877929688,234.3350067138672,234.02999877929688,234.22999572753906,616670
2024-10-22 11:15:00+00:00,234.39950561523438,234.39950561523438,234.4499969482422,233.9499969482422,234.02999877929688,1114682
2024-10-22 11:30:00+00:00,234.84170532226562,234.84170532226562,234.90989685058594,234.35000610351562,234.40069580078125,799667
2024-10-22 11:45:00+00:00,234.49029541015625,234.49029541015625,234.85000610351562,234.44000244140625,234.84750366210938,519075
2024-10-22 12:00:00+00:00,234.4824981689453,234.4824981689453,234.5399932861328,234.2700958251953,234.4949951171875,441770
2024-10-22 12:15:00+00:00,234.1699981689453,234.1699981689453,234.64999389648438,234.1300048828125,234.5,473801
2024-10-22 12:30:00+00:00,234.42999267578125,234.42999267578125,234.5198974609375,234.14999389648438,234.19000244140625,1272003
2024-10-22 12:45:00+00:00,234.92999267578125,234.92999267578125,234.94000244140625,234.3800048828125,234.4149932861328,643236
2024-10-22 13:00:00+00:00,234.95970153808594,234.95970153808594,235.0399932861328,234.74000549316406,234.93499755859375,926064
2024-10-22 13:15:00+00:00,234.85000610351562,234.85000610351562,235.0,234.80999755859375,234.95399475097656,398388
2024-10-22 13:30:00+00:00,235.21499633789062,235.21499633789062,235.37989807128906,234.84500122070312,234.85000610351562,724198
2024-10-22 13:45:00+00:00,235.67379760742188,235.67379760742188,235.74989318847656,235.17999267578125,235.2100067138672,701004
2024-10-22 14:00:00+00:00,235.3101043701172,235.3101043701172,236.0050048828125,235.2949981689453,235.6750030517578,1362747
2024-10-22 14:15:00+00:00,235.31320190429688,235.31320190429688,235.44500732421875,235.2100067138672,235.30999755859375,482251
2024-10-22 14:30:00+00:00,235.47500610351562,235.47500610351562,235.49000549316406,235.17999267578125,235.3300018310547,471418
2024-10-22 14:45:00+00:00,235.3699951171875,235.3699951171875,235.57000732421875,235.27000427246094,235.47999572753906,427511
2024-10-22 15:00:00+00:00,235.57400512695312,235.57400512695312,235.61000061035156,235.25999450683594,235.3699951171875,475745
2024-10-22 15:15:00+00:00,235.6999969482422,235.6999969482422,235.74000549316406,235.5500030517578,235.55999755859375,544869
2024-10-22 15:30:00+00:00,235.85000610351562,235.85000610351562,235.89999389648438,235.6999969482422,235.6999969482422,759778
2024-10-22 15:45:00+00:00,235.86000061035156,235.86000061035156,236.19000244140625,235.7899932861328,235.84500122070312,2576052
2024-10-23 09:30:00+00:00,234.48989868164062,234.48989868164062,235.139892578125,233.80999755859375,234.32000732421875,3246942
2024-10-23 09:45:00+00:00,234.9149932861328,234.9149932861328,235.1439971923828,234.35000610351562,234.35000610351562,1029926
2024-10-23 10:00:00+00:00,234.82000732421875,234.82000732421875,234.9600067138672,234.11000061035156,234.9149932861328,1310974
2024-10-23 10:15:00+00:00,234.72000122070312,234.72000122070312,234.8997039794922,234.44000244140625,234.80999755859375,652447
2024-10-23 10:30:00+00:00,234.91000366210938,234.91000366210938,235.0399932861328,234.6199951171875,234.72000122070312,720895
2024-10-23 10:45:00+00:00,234.29249572753906,234.29249572753906,235.11990356445312,234.27000427246094,234.89999389648438,793900
2024-10-23 11:00:00+00:00,233.6199951171875,233.6199951171875,234.56210327148438,233.5,234.28500366210938,899282
2024-10-23 11:15:00+00:00,233.5,233.5,233.77000427246094,233.3249969482422,233.6300048828125,1072010
2024-10-23 11:30:00+00:00,233.44000244140625,233.44000244140625,233.57000732421875,233.27999877929688,233.49000549316406,937495
2024-10-23 11:45:00+00:00,231.55999755859375,231.55999755859375,233.7362060546875,230.5800018310547,233.4499969482422,5119354
2024-10-23 12:00:00+00:00,230.94000244140625,230.94000244140625,231.91990661621094,230.3699951171875,231.5800018310547,4001269
2024-10-23 12:15:00+00:00,229.69000244140625,229.69000244140625,230.9499053955078,229.63999938964844,230.94000244140625,2830105
2024-10-23 12:30:00+00:00,229.9499969482422,229.9499969482422,230.25,229.33999633789062,229.6699981689453,2038273
2024-10-23 12:45:00+00:00,229.63999938964844,229.63999938964844,230.02999877929688,228.92999267578125,229.94500732421875,1838492
2024-10-23 13:00:00+00:00,229.4499969482422,229.4499969482422,229.8699951171875,229.1999969482422,229.6300048828125,1278286
2024-10-23 13:15:00+00:00,230.05499267578125,230.05499267578125,230.19000244140625,229.27999877929688,229.4499969482422,1399903
2024-10-23 13:30:00+00:00,229.6199951171875,229.6199951171875,230.07000732421875,229.52000427246094,230.02000427246094,774157
2024-10-23 13:45:00+00:00,228.375,228.375,229.64999389648438,228.27999877929688,229.61000061035156,1485808
2024-10-23 14:00:00+00:00,228.32000732421875,228.32000732421875,228.4680938720703,227.75999450683594,228.35000610351562,1489296
2024-10-23 14:15:00+00:00,228.6199951171875,228.6199951171875,228.86500549316406,228.00999450683594,228.32000732421875,1098971
2024-10-23 14:30:00+00:00,229.38250732421875,229.38250732421875,229.47999572753906,228.50999450683594,228.60000610351562,1167074
2024-10-23 14:45:00+00:00,229.25999450683594,229.25999450683594,229.66000366210938,229.13999938964844,229.38999938964844,840467
2024-10-23 15:00:00+00:00,229.45010375976562,229.45010375976562,229.6699981689453,229.18020629882812,229.24000549316406,768320
2024-10-23 15:15:00+00:00,229.6750030517578,229.6750030517578,229.80990600585938,229.4499969482422,229.4600067138672,1121946
2024-10-23 15:30:00+00:00,230.61000061035156,230.61000061035156,230.69000244140625,229.61000061035156,229.6999969482422,1407923
2024-10-23 15:45:00+00:00,230.75,230.75,230.86000061035156,230.32000732421875,230.6199951171875,2865006
2024-10-24 09:30:00+00:00,229.4600067138672,229.4600067138672,230.39999389648438,228.61849975585938,229.91700744628906,3528775
2024-10-24 09:45:00+00:00,229.82510375976562,229.82510375976562,229.82510375976562,228.41000366210938,229.41000366210938,2196015
2024-10-24 10:00:00+00:00,229.98500061035156,229.98500061035156,230.23989868164062,229.55999755859375,229.81500244140625,1319301
2024-10-24 10:15:00+00:00,229.80999755859375,229.80999755859375,230.05999755859375,229.6300048828125,229.99000549316406,676411
2024-10-24 10:30:00+00:00,230.2899932861328,230.2899932861328,230.3800048828125,229.80499267578125,229.85000610351562,814563
2024-10-24 10:45:00+00:00,229.25,229.25,230.25,229.24000549316406,230.25,888881
2024-10-24 11:00:00+00:00,230.13999938964844,230.13999938964844,230.1699981689453,229.22999572753906,229.25999450683594,779632
2024-10-24 11:15:00+00:00,229.82000732421875,229.82000732421875,230.15499877929688,229.8000030517578,230.1199951171875,637042
2024-10-24 11:30:00+00:00,229.77000427246094,229.77000427246094,230.0399932861328,229.75,229.82000732421875,535766
2024-10-24 11:45:00+00:00,229.5800018310547,229.5800018310547,229.77999877929688,228.88059997558594,229.77999877929688,1162336
2024-10-24 12:00:00+00:00,228.88499450683594,228.88499450683594,229.71209716796875,228.6699981689453,229.58999633789062,815546
2024-10-24 12:15:00+00:00,229.51939392089844,229.51939392089844,229.5399932861328,228.69009399414062,228.89999389648438,581815
2024-10-24 12:30:00+00:00,229.73500061035156,229.73500061035156,229.83999633789062,229.52000427246094,229.52000427246094,543280
2024-10-24 12:45:00+00:00,230.30799865722656,230.30799865722656,230.34019470214844,229.72999572753906,229.73609924316406,526899
2024-10-24 13:00:00+00:00,230.7100067138672,230.7100067138672,230.82000732421875,230.26229858398438,230.30999755859375,661070
2024-10-24 13:15:00+00:00,230.27000427246094,230.27000427246094,230.73800659179688,230.11000061035156,230.72000122070312,766308
2024-10-24 13:30:00+00:00,230.43800354003906,230.43800354003906,230.49000549316406,230.2100067138672,230.27999877929688,493031
2024-10-24 13:45:00+00:00,230.2550048828125,230.2550048828125,230.5399932861328,230.19000244140625,230.46499633789062,418741
2024-10-24 14:00:00+00:00,230.3820037841797,230.3820037841797,230.39999389648438,230.0399932861328,230.25999450683594,438770
2024-10-24 14:15:00+00:00,230.4600067138672,230.4600067138672,230.5399932861328,230.25999450683594,230.38999938964844,459075
2024-10-24 14:30:00+00:00,230.42999267578125,230.42999267578125,230.52999877929688,230.25999450683594,230.42999267578125,376154
2024-10-24 14:45:00+00:00,230.4499969482422,230.4499969482422,230.56759643554688,230.33799743652344,230.43499755859375,366653
2024-10-24 15:00:00+00:00,230.66000366210938,230.66000366210938,230.80999755859375,230.1199951171875,230.4499969482422,596475
2024-10-24 15:15:00+00:00,230.52999877929688,230.52999877929688,230.6864013671875,230.41009521484375,230.63999938964844,561096
2024-10-24 15:30:00+00:00,230.4600067138672,230.4600067138672,230.72000122070312,230.22000122070312,230.5399932861328,728481
2024-10-24 15:45:00+00:00,230.57000732421875,230.57000732421875,230.8000030517578,230.4499969482422,230.4600067138672,2225426
2024-10-25 09:30:00+00:00,231.39999389648438,231.39999389648438,231.58999633789062,229.57000732421875,229.74000549316406,3920105
2024-10-25 09:45:00+00:00,232.0240020751953,232.0240020751953,232.0767059326172,230.50999450683594,231.39999389648438,1688158
2024-10-25 10:00:00+00:00,232.02000427246094,232.02000427246094,232.42990112304688,231.80999755859375,231.91000366210938,1614205
2024-10-25 10:15:00+00:00,232.1300048828125,232.1300048828125,232.38999938964844,231.72019958496094,232.02000427246094,1013476
2024-10-25 10:30:00+00:00,232.44000244140625,232.44000244140625,232.66000366210938,232.1199951171875,232.1199951171875,969646
2024-10-25 10:45:00+00:00,232.8446044921875,232.8446044921875,232.91000366210938,232.22000122070312,232.4600067138672,971835
2024-10-25 11:00:00+00:00,232.97000122070312,232.97000122070312,233.1999969482422,232.6699981689453,232.86000061035156,968155
2024-10-25 11:15:00+00:00,232.22999572753906,232.22999572753906,232.97999572753906,232.22999572753906,232.97999572753906,1229110
2024-10-25 11:30:00+00:00,232.08999633789062,232.08999633789062,232.35499572753906,231.91000366210938,232.22999572753906,1083312
2024-10-25 11:45:00+00:00,232.0500030517578,232.0500030517578,232.33999633789062,231.75999450683594,232.093994140625,847539
2024-10-25 12:00:00+00:00,232.47999572753906,232.47999572753906,232.5399932861328,231.94290161132812,232.02999877929688,723892
2024-10-25 12:15:00+00:00,232.7100067138672,232.7100067138672,232.73199462890625,232.4199981689453,232.47000122070312,556383
2024-10-25 12:30:00+00:00,232.76499938964844,232.76499938964844,232.78500366210938,232.4600067138672,232.73500061035156,543021
2024-10-25 12:45:00+00:00,232.77999877929688,232.77999877929688,232.94000244140625,232.6699981689453,232.75999450683594,564545
2024-10-25 13:00:00+00:00,232.2480010986328,232.2480010986328,232.77000427246094,232.1300048828125,232.77000427246094,575778
2024-10-25 13:15:00+00:00,231.8574981689453,231.8574981689453,232.22999572753906,231.52999877929688,232.22000122070312,683743
2024-10-25 13:30:00+00:00,231.2100067138672,231.2100067138672,231.94000244140625,231.14999389648438,231.8300018310547,703525
2024-10-25 13:45:00+00:00,231.47999572753906,231.47999572753906,231.97149658203125,231.1300048828125,231.19000244140625,821954
2024-10-25 14:00:00+00:00,231.55999755859375,231.55999755859375,231.6699981689453,231.07000732421875,231.49000549316406,634586
2024-10-25 14:15:00+00:00,231.83999633789062,231.83999633789062,231.94000244140625,231.38800048828125,231.5399932861328,657944
2024-10-25 14:30:00+00:00,231.74000549316406,231.74000549316406,231.92999267578125,231.6699981689453,231.84689331054688,457883
2024-10-25 14:45:00+00:00,232.13999938964844,232.13999938964844,232.1999969482422,231.7415008544922,231.75,570527
2024-10-25 15:00:00+00:00,231.6573028564453,231.6573028564453,232.16000366210938,231.5,232.1199951171875,550171
2024-10-25 15:15:00+00:00,231.6199951171875,231.6199951171875,231.80499267578125,231.3699951171875,231.64999389648438,1064312
2024-10-25 15:30:00+00:00,231.47000122070312,231.47000122070312,231.72999572753906,231.25,231.64999389648438,706293
2024-10-25 15:45:00+00:00,231.39999389648438,231.39999389648438,231.8000030517578,231.11000061035156,231.49000549316406,2866639
2024-10-28 09:30:00+00:00,233.3300018310547,233.3300018310547,234.5500030517578,233.07000732421875,233.31500244140625,4471004
2024-10-28 09:45:00+00:00,233.17999267578125,233.17999267578125,233.3699951171875,232.65499877929688,233.3350067138672,1157165
2024-10-28 10:00:00+00:00,233.27000427246094,233.27000427246094,233.55999755859375,232.9600067138672,233.17999267578125,930062
2024-10-28 10:15:00+00:00,233.6345977783203,233.6345977783203,233.63999938964844,232.99009704589844,233.30999755859375,902025
2024-10-28 10:30:00+00:00,234.10000610351562,234.10000610351562,234.3300018310547,233.42999267578125,233.6199951171875,1040773
2024-10-28 10:45:00+00:00,233.92999267578125,233.92999267578125,234.2899932861328,233.75,234.11000061035156,866519
2024-10-28 11:00:00+00:00,233.9499969482422,233.9499969482422,234.17999267578125,233.42999267578125,233.93499755859375,989842
2024-10-28 11:15:00+00:00,233.5500030517578,233.5500030517578,233.9600067138672,233.22000122070312,233.93499755859375,842885
2024-10-28 11:30:00+00:00,233.52630615234375,233.52630615234375,233.8300018310547,233.25,233.5500030517578,665026
2024-10-28 11:45:00+00:00,233.57000732421875,233.57000732421875,233.8000030517578,233.38999938964844,233.52999877929688,706989
2024-10-28 12:00:00+00:00,233.53500366210938,233.53500366210938,233.57249450683594,233.14999389648438,233.5399932861328,691418
2024-10-28 12:15:00+00:00,234.3101043701172,234.3101043701172,234.31500244140625,233.52000427246094,233.52999877929688,848363
2024-10-28 12:30:00+00:00,234.61000061035156,234.61000061035156,234.6199951171875,233.93260192871094,234.30999755859375,930301
2024-10-28 12:45:00+00:00,234.32000732421875,234.32000732421875,234.72999572753906,234.25059509277344,234.6199951171875,813174
2024-10-28 13:00:00+00:00,234.08140563964844,234.08140563964844,234.60000610351562,234.0800018310547,234.30999755859375,554974
2024-10-28 13:15:00+00:00,234.42999267578125,234.42999267578125,234.67999267578125,234.07000732421875,234.0800018310547,575605
2024-10-28 13:30:00+00:00,234.41799926757812,234.41799926757812,234.64500427246094,234.33999633789062,234.4250030517578,443107
2024-10-28 13:45:00+00:00,234.39500427246094,234.39500427246094,234.5050048828125,234.2100067138672,234.4149932861328,403000
2024-10-28 14:00:00+00:00,234.1699981689453,234.1699981689453,234.39999389648438,234.13999938964844,234.39500427246094,451401
2024-10-28 14:15:00+00:00,233.9149932861328,233.9149932861328,234.22999572753906,233.91000366210938,234.14500427246094,462616
2024-10-28 14:30:00+00:00,233.80999755859375,233.80999755859375,234.0500030517578,233.75999450683594,233.91000366210938,426501
2024-10-28 14:45:00+00:00,233.75999450683594,233.75999450683594,234.11000061035156,233.57000732421875,233.80999755859375,505342
2024-10-28 15:00:00+00:00,233.9499969482422,233.9499969482422,234.0,233.63519287109375,233.75999450683594,515346
2024-10-28 15:15:00+00:00,233.97000122070312,233.97000122070312,234.00999450683594,233.67999267578125,233.95010375976562,566856
2024-10-28 15:30:00+00:00,233.6750030517578,233.6750030517578,233.98129272460938,233.61000061035156,233.9600067138672,818370
2024-10-28 15:45:00+00:00,233.49000549316406,233.49000549316406,233.77999877929688,233.11000061035156,233.67999267578125,3189842
2024-10-29 09:30:00+00:00,233.76559448242188,233.76559448242188,233.8800048828125,232.32000732421875,233.19500732421875,2866663
2024-10-29 09:45:00+00:00,233.60499572753906,233.60499572753906,233.9499969482422,232.60000610351562,233.77499389648438,1368981
2024-10-29 10:00:00+00:00,233.3699951171875,233.3699951171875,233.8144073486328,233.10000610351562,233.60000610351562,1070148
2024-10-29 10:15:00+00:00,233.05999755859375,233.05999755859375,234.05499267578125,233.02999877929688,233.36000061035156,1362269
2024-10-29 10:30:00+00:00,233.24000549316406,233.24000549316406,233.41000366210938,233.0399932861328,233.0500030517578,803281
2024-10-29 10:45:00+00:00,233.49000549316406,233.49000549316406,233.69000244140625,233.13009643554688,233.23500061035156,842280
2024-10-29 11:00:00+00:00,233.44500732421875,233.44500732421875,233.55499267578125,233.05999755859375,233.5050048828125,772911
2024-10-29 11:15:00+00:00,233.27000427246094,233.27000427246094,233.6300048828125,233.15499877929688,233.44000244140625,588602
2024-10-29 11:30:00+00:00,233.08999633789062,233.08999633789062,233.44000244140625,233.07000732421875,233.25999450683594,547451
2024-10-29 11:45:00+00:00,233.33999633789062,233.33999633789062,233.47000122070312,233.0200958251953,233.08999633789062,631694
2024-10-29 12:00:00+00:00,233.38999938964844,233.38999938964844,233.58999633789062,233.1699981689453,233.35000610351562,638206
2024-10-29 12:15:00+00:00,233.10000610351562,233.10000610351562,233.54989624023438,233.10000610351562,233.39999389648438,434673
2024-10-29 12:30:00+00:00,233.5,233.5,233.52999877929688,233.02000427246094,233.10499572753906,837644
2024-10-29 12:45:00+00:00,233.95010375976562,233.95010375976562,233.97999572753906,233.45950317382812,233.50999450683594,676121
2024-10-29 13:00:00+00:00,234.0211944580078,234.0211944580078,234.2100067138672,233.89999389648438,233.9499969482422,669783
2024-10-29 13:15:00+00:00,233.88999938964844,233.88999938964844,234.19000244140625,233.8699951171875,234.02499389648438,440378
2024-10-29 13:30:00+00:00,233.97000122070312,233.97000122070312,234.13999938964844,233.86500549316406,233.9199981689453,352903
2024-10-29 13:45:00+00:00,233.82000732421875,233.82000732421875,233.99459838867188,233.77999877929688,233.97500610351562,335253
2024-10-29 14:00:00+00:00,233.97000122070312,233.97000122070312,234.05499267578125,233.75999450683594,233.80999755859375,486729
2024-10-29 14:15:00+00:00,233.97000122070312,233.97000122070312,234.11000061035156,233.84500122070312,233.97000122070312,521726
2024-10-29 14:30:00+00:00,234.02000427246094,234.02000427246094,234.19000244140625,233.91000366210938,233.98500061035156,457557
2024-10-29 14:45:00+00:00,234.08999633789062,234.08999633789062,234.0998992919922,233.91009521484375,234.02999877929688,1779157
2024-10-29 15:00:00+00:00,234.02999877929688,234.02999877929688,234.14500427246094,233.8800048828125,234.09500122070312,607475
2024-10-29 15:15:00+00:00,234.1999969482422,234.1999969482422,234.2198944091797,234.0,234.02000427246094,794701
2024-10-29 15:30:00+00:00,234.25,234.25,234.26499938964844,234.02000427246094,234.2050018310547,786015
2024-10-29 15:45:00+00:00,233.75,233.75,234.32000732421875,233.5399932861328,234.2449951171875,2674499
2024-10-30 09:30:00+00:00,232.1199951171875,232.1199951171875,233.2299041748047,231.85000610351562,232.6199951171875,4426060
2024-10-30 09:45:00+00:00,232.58999633789062,232.58999633789062,232.67999267578125,232.0,232.0800018310547,1487849
2024-10-30 10:00:00+00:00,232.19000244140625,232.19000244140625,232.78199768066406,232.0500030517578,232.5989990234375,1277470
2024-10-30 10:15:00+00:00,231.86000061035156,231.86000061035156,232.30990600585938,231.69000244140625,232.22000122070312,1280962
2024-10-30 10:30:00+00:00,231.69000244140625,231.69000244140625,231.9499969482422,231.47500610351562,231.8668975830078,1123651
2024-10-30 10:45:00+00:00,231.156005859375,231.156005859375,231.7899932861328,231.13999938964844,231.68499755859375,1447150
2024-10-30 11:00:00+00:00,230.6501007080078,230.6501007080078,231.32000732421875,230.63999938964844,231.16000366210938,1411105
2024-10-30 11:15:00+00:00,231.55499267578125,231.55499267578125,231.60000610351562,230.5050048828125,230.65499877929688,1473054
2024-10-30 11:30:00+00:00,231.39500427246094,231.39500427246094,231.6649932861328,231.08999633789062,231.55999755859375,1139030
2024-10-30 11:45:00+00:00,231.389892578125,231.389892578125,231.5399932861328,231.11000061035156,231.3800048828125,794442
2024-10-30 12:00:00+00:00,231.24000549316406,231.24000549316406,231.54989624023438,231.24000549316406,231.38499450683594,642226
2024-10-30 12:15:00+00:00,231.1999053955078,231.1999053955078,231.27999877929688,231.05999755859375,231.25,663582
2024-10-30 12:30:00+00:00,231.27000427246094,231.27000427246094,231.38999938964844,231.05999755859375,231.1999969482422,542318
2024-10-30 12:45:00+00:00,230.9199981689453,230.9199981689453,231.3800048828125,230.9199981689453,231.27000427246094,693687
2024-10-30 13:00:00+00:00,230.75,230.75,231.0500030517578,230.67999267578125,230.91830444335938,561600
2024-10-30 13:15:00+00:00,230.24110412597656,230.24110412597656,230.7899932861328,230.22999572753906,230.74000549316406,859629
2024-10-30 13:30:00+00:00,230.13999938964844,230.13999938964844,230.3000030517578,229.8704071044922,230.2449951171875,1190428
2024-10-30 13:45:00+00:00,230.2187957763672,230.2187957763672,230.44000244140625,230.05999755859375,230.1300048828125,741465
2024-10-30 14:00:00+00:00,230.87840270996094,230.87840270996094,231.0,230.2111053466797,230.21499633789062,785395
2024-10-30 14:15:00+00:00,230.64999389648438,230.64999389648438,230.91000366210938,230.5,230.875,850069
2024-10-30 14:30:00+00:00,230.66580200195312,230.66580200195312,230.88999938964844,230.5800018310547,230.62010192871094,595709
2024-10-30 14:45:00+00:00,230.5050048828125,230.5050048828125,230.82989501953125,230.42999267578125,230.66000366210938,599353
2024-10-30 15:00:00+00:00,230.67999267578125,230.67999267578125,230.7653045654297,230.1699981689453,230.5,971761
2024-10-30 15:15:00+00:00,230.72999572753906,230.72999572753906,230.94000244140625,230.42999267578125,230.6750030517578,796677
2024-10-30 15:30:00+00:00,230.55870056152344,230.55870056152344,230.7949981689453,230.4600067138672,230.72999572753906,1905099
2024-10-30 15:45:00+00:00,230.13999938964844,230.13999938964844,230.83999633789062,229.55999755859375,230.57000732421875,4946205
2024-10-31 09:30:00+00:00,229.19000244140625,229.19000244140625,229.8300018310547,228.19940185546875,229.22999572753906,4442957
2024-10-31 09:45:00+00:00,229.2082061767578,229.2082061767578,229.33990478515625,228.6300048828125,229.1649932861328,1816962
2024-10-31 10:00:00+00:00,227.97999572753906,227.97999572753906,229.25,227.80999755859375,229.19000244140625,1593897
2024-10-31 10:15:00+00:00,228.44500732421875,228.44500732421875,228.94000244140625,227.89500427246094,227.99000549316406,1291353
2024-10-31 10:30:00+00:00,228.22000122070312,228.22000122070312,228.72999572753906,228.14999389648438,228.4499969482422,1065542
2024-10-31 10:45:00+00:00,227.7100067138672,227.7100067138672,228.27000427246094,227.4199981689453,228.22000122070312,1450959
2024-10-31 11:00:00+00:00,227.0500030517578,227.0500030517578,227.75999450683594,226.8800048828125,227.68499755859375,1951523
2024-10-31 11:15:00+00:00,227.31500244140625,227.31500244140625,227.6300048828125,226.97000122070312,227.02999877929688,1119135
2024-10-31 11:30:00+00:00,227.15040588378906,227.15040588378906,227.39500427246094,226.91290283203125,227.30999755859375,904887
2024-10-31 11:45:00+00:00,227.05499267578125,227.05499267578125,227.1699981689453,226.41000366210938,227.1199951171875,1070399
2024-10-31 12:00:00+00:00,227.21530151367188,227.21530151367188,227.48500061035156,226.88999938964844,227.02999877929688,951907
2024-10-31 12:15:00+00:00,227.25,227.25,227.25,226.96009826660156,227.2100067138672,825806
2024-10-31 12:30:00+00:00,227.60000610351562,227.60000610351562,227.6300048828125,227.2001953125,227.27999877929688,808049
2024-10-31 12:45:00+00:00,227.72999572753906,227.72999572753906,227.99000549316406,227.55999755859375,227.58999633789062,912975
2024-10-31 13:00:00+00:00,227.59500122070312,227.59500122070312,227.9199981689453,227.5800018310547,227.73500061035156,757577
2024-10-31 13:15:00+00:00,227.860107421875,227.860107421875,228.1768035888672,227.45010375976562,227.58999633789062,972258
2024-10-31 13:30:00+00:00,227.44500732421875,227.44500732421875,227.96629333496094,227.41000366210938,227.86000061035156,1089347
2024-10-31 13:45:00+00:00,226.90499877929688,226.90499877929688,227.44000244140625,226.8800048828125,227.44000244140625,959237
2024-10-31 14:00:00+00:00,227.05499267578125,227.05499267578125,227.25,226.8249969482422,226.89999389648438,855290
2024-10-31 14:15:00+00:00,227.08999633789062,227.08999633789062,227.19500732421875,227.00030517578125,227.05999755859375,893371
2024-10-31 14:30:00+00:00,227.0850067138672,227.0850067138672,227.1999969482422,226.69500732421875,227.09500122070312,1081201
2024-10-31 14:45:00+00:00,227.0749969482422,227.0749969482422,227.22000122070312,226.75,227.0850067138672,1024296
2024-10-31 15:00:00+00:00,227.2100067138672,227.2100067138672,227.38999938964844,226.97500610351562,227.0800018310547,1351831
2024-10-31 15:15:00+00:00,227.3300018310547,227.3300018310547,227.77999877929688,227.16000366210938,227.2100067138672,1603865
2024-10-31 15:30:00+00:00,227.0500030517578,227.0500030517578,227.40499877929688,226.75,227.3300018310547,1610627
2024-10-31 15:45:00+00:00,225.38999938964844,225.38999938964844,227.77999877929688,225.38999938964844,227.05999755859375,5457376
2024-11-01 09:30:00+00:00,222.7550048828125,222.7550048828125,223.6699981689453,220.27999877929688,221.42999267578125,10436540
2024-11-01 09:45:00+00:00,223.8498992919922,223.8498992919922,223.9010009765625,221.72000122070312,222.7550048828125,3423099
2024-11-01 10:00:00+00:00,224.8300018310547,224.8300018310547,225.33999633789062,223.77000427246094,223.8800048828125,4318328
2024-11-01 10:15:00+00:00,224.07000732421875,224.07000732421875,225.19000244140625,223.9499969482422,224.83999633789062,2755813
2024-11-01 10:30:00+00:00,222.10000610351562,222.10000610351562,224.21400451660156,221.8699951171875,224.08999633789062,2948332
2024-11-01 10:45:00+00:00,222.43499755859375,222.43499755859375,222.8800048828125,221.60000610351562,222.10000610351562,2700400
2024-11-01 11:00:00+00:00,222.71969604492188,222.71969604492188,222.87109375,222.11000061035156,222.42050170898438,3042407
2024-11-01 11:15:00+00:00,223.2104949951172,223.2104949951172,223.25999450683594,222.3699951171875,222.71499633789062,1548692
2024-11-01 11:30:00+00:00,222.3699951171875,222.3699951171875,223.25,222.1199951171875,223.22000122070312,2081270
2024-11-01 11:45:00+00:00,222.0800018310547,222.0800018310547,222.5050048828125,221.9250030517578,222.36000061035156,1256558
2024-11-01 12:00:00+00:00,222.44500732421875,222.44500732421875,222.50999450683594,221.77000427246094,222.0749969482422,1999429
2024-11-01 12:15:00+00:00,222.0749969482422,222.0749969482422,222.52999877929688,222.0500030517578,222.35000610351562,1001150
2024-11-01 12:30:00+00:00,222.13999938964844,222.13999938964844,222.69000244140625,222.0500030517578,222.19000244140625,1199015
2024-11-01 12:45:00+00:00,222.58999633789062,222.58999633789062,222.60000610351562,222.10000610351562,222.2740020751953,688026
2024-11-01 13:00:00+00:00,222.60000610351562,222.60000610351562,222.6999969482422,222.07000732421875,222.59109497070312,983016
2024-11-01 13:15:00+00:00,223.33999633789062,223.33999633789062,223.39990234375,222.5399932861328,222.58999633789062,1018439
2024-11-01 13:30:00+00:00,222.41000366210938,222.41000366210938,223.36000061035156,222.30999755859375,223.34019470214844,956183
2024-11-01 13:45:00+00:00,222.1999969482422,222.1999969482422,222.5800018310547,222.15330505371094,222.39999389648438,819655
2024-11-01 14:00:00+00:00,222.31500244140625,222.31500244140625,222.5,222.0800018310547,222.1699981689453,726651
2024-11-01 14:15:00+00:00,222.2449951171875,222.2449951171875,222.38999938964844,222.07000732421875,222.2899932861328,911568
2024-11-01 14:30:00+00:00,222.3800048828125,222.3800048828125,222.54400634765625,222.13999938964844,222.24000549316406,1057880
2024-11-01 14:45:00+00:00,222.60000610351562,222.60000610351562,222.6750030517578,222.25,222.3574981689453,813081
2024-11-01 15:00:00+00:00,222.89500427246094,222.89500427246094,223.0998992919922,222.57460021972656,222.58999633789062,1190956
2024-11-01 15:15:00+00:00,222.3300018310547,222.3300018310547,222.9788055419922,222.27999877929688,222.88999938964844,973386
2024-11-01 15:30:00+00:00,222.57000732421875,222.57000732421875,222.80999755859375,222.2899932861328,222.33999633789062,1201590
2024-11-01 15:45:00+00:00,222.85000610351562,222.85000610351562,223.25,222.27000427246094,222.57000732421875,4085601
